ID_CATEGORIA;NOMBRE_CATEGORIA;CATEGORIA_PADRE;URL
4;JARDINERIA Y AGRICULTURA ;0;
123;Mallas agricolas;4;https://www.aftgrupo.com/img_cats/123.jpg
127;Setos, césped y ocultación;4;https://www.aftgrupo.com/img_cats/127.jpg
141;Cortacesped;4;https://www.aftgrupo.com/img_cats/141.jpg
145;Motoazadas a gasolina y accesorios;4;https://www.aftgrupo.com/img_cats/145.jpg
147;Bombas de agua;4;https://www.aftgrupo.com/img_cats/147.jpg
148;Herramientas manuales para el cuidado del jardin;4;https://www.aftgrupo.com/img_cats/148.jpg
149;Tijeras de poda y recoleccion;4;https://www.aftgrupo.com/img_cats/149.jpg
524;Tijeras 1 mano;149;https://www.aftgrupo.com/img_cats/524.jpg
525;Tijeras 2 manos;149;https://www.aftgrupo.com/img_cats/525.jpg
526;Accesorios y repuestos Tijeras de podar;149;https://www.aftgrupo.com/img_cats/526.jpg
151;Navajas;4;https://www.aftgrupo.com/img_cats/151.jpg
152;Azadas;4;https://www.aftgrupo.com/img_cats/152.jpg
153;Alcotanas, arcos de sierra y horcas;4;https://www.aftgrupo.com/img_cats/153.jpg
154;Rastrillos;4;https://www.aftgrupo.com/img_cats/154.jpg
155;Hachas ;4;https://www.aftgrupo.com/img_cats/155.jpg
156;Mantas y plasticos para agricultura;4;https://www.aftgrupo.com/img_cats/156.jpg
170;Hidrolimpiadoras;4;https://www.aftgrupo.com/img_cats/170.jpg
171;Sulfatadoras y pulverizadores;4;https://www.aftgrupo.com/img_cats/171.jpg
174;Mosquiteras / antimosquitos / antipalomas;4;https://www.aftgrupo.com/img_cats/174.jpg
512;Recortasetos y accesorios;4;https://www.aftgrupo.com/img_cats/512.jpg
511;Recortabordes y accesorios;4;https://www.aftgrupo.com/img_cats/511.jpg
514;Desbrozadores eléctricos y accesorios;4;https://www.aftgrupo.com/img_cats/514.jpg
515;Aspiradores sopladores y accesorios;4;https://www.aftgrupo.com/img_cats/515.jpg
516;Biotrituradores y accesorios;4;https://www.aftgrupo.com/img_cats/516.jpg
518;Desbrozadores gasolina y accesorios;4;https://www.aftgrupo.com/img_cats/518.jpg
522;Motosierras y accesorios;4;https://www.aftgrupo.com/img_cats/522.jpg
527;Serruchos de podar y accesorios;4;https://www.aftgrupo.com/img_cats/527.jpg
529;Mangueras;4;https://www.aftgrupo.com/img_cats/529.jpg
531;Accesorios manguera Metal;4;https://www.aftgrupo.com/img_cats/531.jpg
532;Accesorios manguera Plástico;4;https://www.aftgrupo.com/img_cats/532.jpg
533;Microrriego;4;https://www.aftgrupo.com/img_cats/533.jpg
534;Programadores riego;4;https://www.aftgrupo.com/img_cats/534.jpg
535;Regaderas y pluviómetros;4;https://www.aftgrupo.com/img_cats/535.jpg
536;Aspersores;4;https://www.aftgrupo.com/img_cats/536.jpg
537;Portamangueras;4;https://www.aftgrupo.com/img_cats/537.jpg
578;Abonos para plantas;4;https://www.aftgrupo.com/img_cats/578.jpg
677;Antiplagas;4;https://www.aftgrupo.com/img_cats/677.jpg
925;Ahuyentadores ultrasonido;677;https://www.aftgrupo.com/img_cats/925.jpg
927;Tela mosquitera en rollos;677;https://www.aftgrupo.com/img_cats/927.jpg
928;Mosquiteras fabricadas;677;https://www.aftgrupo.com/img_cats/928.jpg
929;Ahuyentador mosquitos (velas y antorchas);677;https://www.aftgrupo.com/img_cats/929.jpg
930;Trampas;677;https://www.aftgrupo.com/img_cats/930.jpg
931;Cebos;677;https://www.aftgrupo.com/img_cats/931.jpg
932;Exterminadores de insectos eléctricos;677;https://www.aftgrupo.com/img_cats/932.jpg
943;Pinchos antipalomas y cinta antipájaros;677;https://www.aftgrupo.com/img_cats/943.jpg
1128;Semillas;4;https://www.aftgrupo.com/img_cats/1128.jpg
185;COCINA Y MESA;0;
291;Bodega y vino;185;https://www.aftgrupo.com/img_cats/291.jpg
308;Grifos barril;291;https://www.aftgrupo.com/img_cats/308.jpg
309;Decantadores y aireadores;291;https://www.aftgrupo.com/img_cats/309.jpg
310;Conservadores y tapones;291;https://www.aftgrupo.com/img_cats/310.jpg
311;Sacacorchos;291;https://www.aftgrupo.com/img_cats/311.jpg
1119;Botelleros;291;https://www.aftgrupo.com/img_cats/1119.jpg
296;Sartenes;185;https://www.aftgrupo.com/img_cats/296.jpg
297;Paelleras y paelleros;185;https://www.aftgrupo.com/img_cats/297.jpg
298;Planchas y asadoras;185;https://www.aftgrupo.com/img_cats/298.jpg
301;Soportes de jamón;185;https://www.aftgrupo.com/img_cats/301.jpg
302;Cubos y baños galvanizados;185;https://www.aftgrupo.com/img_cats/302.jpg
303;Utensilios cocina;185;https://www.aftgrupo.com/img_cats/303.jpg
306;Alfombras cocina;185;https://www.aftgrupo.com/img_cats/306.jpg
1152;Cuchiilos de untar y mondadores;185;https://www.aftgrupo.com/img_cats/1152.jpg
433;Envasadoras al vacio;185;https://www.aftgrupo.com/img_cats/433.jpg
538;Máquinas picar y accesorios;185;https://www.aftgrupo.com/img_cats/538.jpg
305;Repuestos y accesorios máquinas;538;https://www.aftgrupo.com/img_cats/305.jpg
539;Máquinas;538;https://www.aftgrupo.com/img_cats/539.jpg
563;Repuestos Ollas y Cafeteras;185;https://www.aftgrupo.com/img_cats/563.jpg
910;Cuchillos serie Universal;185;https://www.aftgrupo.com/img_cats/910.jpg
912;Cuchillos serie Génova;185;https://www.aftgrupo.com/img_cats/912.jpg
913;Cuchillos serie Latina;185;https://www.aftgrupo.com/img_cats/913.jpg
914;Cuchillos jamoneros/queseros;185;https://www.aftgrupo.com/img_cats/914.jpg
915;Juegos de cuchillos;185;https://www.aftgrupo.com/img_cats/915.jpg
916;Cuchillos Chuleteros;185;https://www.aftgrupo.com/img_cats/916.jpg
917;Piquetas / Chairas / Piedras de afilar;185;https://www.aftgrupo.com/img_cats/917.jpg
918;Tijeras de cocina;185;https://www.aftgrupo.com/img_cats/918.jpg
1035;Guantes anticorte;185;https://www.aftgrupo.com/img_cats/1035.jpg
920;Cubiertos serie Valencia;185;https://www.aftgrupo.com/img_cats/920.jpg
921;Cubiertos serie Murano;185;https://www.aftgrupo.com/img_cats/921.jpg
922;Cubiertos serie Mirage;185;https://www.aftgrupo.com/img_cats/922.jpg
923;Cubiertos serie Flair;185;https://www.aftgrupo.com/img_cats/923.jpg
924;Balanzas;185;https://www.aftgrupo.com/img_cats/924.jpg
1103;Antideslizantes;185;https://www.aftgrupo.com/img_cats/1103.jpg
1095;Manteles y hules;185;https://www.aftgrupo.com/img_cats/1095.jpg
1127;Cafeteras;185;https://www.aftgrupo.com/img_cats/1127.jpg
1130;Recipientes y Botellas herméticas;185;https://www.aftgrupo.com/img_cats/1130.jpg
1131;Termos;185;https://www.aftgrupo.com/img_cats/1131.jpg
1134;Cuchillos serie ASPEN;185;https://www.aftgrupo.com/img_cats/1134.jpg
1135;Cuchillos serie ALASKA;185;https://www.aftgrupo.com/img_cats/1135.jpg
1136;Cuchillos serie GRENOBLE;185;https://www.aftgrupo.com/img_cats/1136.jpg
1137;Cuchillos y Tenedores serie MONTANA;185;https://www.aftgrupo.com/img_cats/1137.jpg
1138;Utensilios cocina madera;185;https://www.aftgrupo.com/img_cats/1138.jpg
8;HERRAMIENTAS;0;
22;Herramientas manuales;8;https://www.aftgrupo.com/img_cats/22.jpg
15;Formones y gubias;22;https://www.aftgrupo.com/img_cats/15.jpg
39;Martillos;22;https://www.aftgrupo.com/img_cats/39.jpg
40;Tenazas;22;https://www.aftgrupo.com/img_cats/40.jpg
41;Navajas/ Punzones/ Agujas;22;https://www.aftgrupo.com/img_cats/41.jpg
43;Cutter;22;https://www.aftgrupo.com/img_cats/43.jpg
44;Llaves combinadas;22;https://www.aftgrupo.com/img_cats/44.jpg
45;Torniquetes;22;https://www.aftgrupo.com/img_cats/45.jpg
46;Herramientas y artículos Fontaneria;22;https://www.aftgrupo.com/img_cats/46.jpg
48;Sierras / Guías / Marquetería;22;https://www.aftgrupo.com/img_cats/48.jpg
810;Reglas y escuadras;22;https://www.aftgrupo.com/img_cats/810.jpg
54;Sopletes;22;https://www.aftgrupo.com/img_cats/54.jpg
58;Paletas y paletines;22;https://www.aftgrupo.com/img_cats/58.jpg
61;Herramientas Soladores y alicatadores;22;https://www.aftgrupo.com/img_cats/61.jpg
62;Mazas y Picos;22;https://www.aftgrupo.com/img_cats/62.jpg
63;Palas y Palotes;22;https://www.aftgrupo.com/img_cats/63.jpg
64;Niveles ;22;https://www.aftgrupo.com/img_cats/64.jpg
65;Flexometros/ Metros/ Cintas métricas;22;https://www.aftgrupo.com/img_cats/65.jpg
66;Marcadores y señaladores;22;https://www.aftgrupo.com/img_cats/66.jpg
67;Calibres;22;https://www.aftgrupo.com/img_cats/67.jpg
809;Tiralineas y plomadas;22;https://www.aftgrupo.com/img_cats/809.jpg
91;Cortarremaches y Cortacables;22;https://www.aftgrupo.com/img_cats/91.jpg
93;Cepillos;22;https://www.aftgrupo.com/img_cats/93.jpg
94;Cortacristales;22;https://www.aftgrupo.com/img_cats/94.jpg
95;Elevación;22;https://www.aftgrupo.com/img_cats/95.jpg
256;Ferrallistas;22;https://www.aftgrupo.com/img_cats/256.jpg
259;Cepillos manuales / Barrenas / Escofinas;22;https://www.aftgrupo.com/img_cats/259.jpg
260;Sargentos de esquina y torniquetes;22;https://www.aftgrupo.com/img_cats/260.jpg
261;Herramientas de Marquetería;22;https://www.aftgrupo.com/img_cats/261.jpg
264;Llaves allen ;22;https://www.aftgrupo.com/img_cats/264.jpg
265;Llaves de vaso ;22;https://www.aftgrupo.com/img_cats/265.jpg
691;Adaptadores;265;https://www.aftgrupo.com/img_cats/691.jpg
692;Mangos corredizos;265;https://www.aftgrupo.com/img_cats/692.jpg
693;Alargaderas;265;https://www.aftgrupo.com/img_cats/693.jpg
694;Llaves de carraca;265;https://www.aftgrupo.com/img_cats/694.jpg
695;Juegos;265;https://www.aftgrupo.com/img_cats/695.jpg
696;Llaves vaso mango T;265;https://www.aftgrupo.com/img_cats/696.jpg
697;Vasos;265;https://www.aftgrupo.com/img_cats/697.jpg
266;Arcos de sierra y accesorios;22;https://www.aftgrupo.com/img_cats/266.jpg
267;Botadores / Granetes / Punzones;22;https://www.aftgrupo.com/img_cats/267.jpg
338;Extractores;22;https://www.aftgrupo.com/img_cats/338.jpg
373;Tijeras industriales;22;https://www.aftgrupo.com/img_cats/373.jpg
414;Cortafrios y punteros;22;https://www.aftgrupo.com/img_cats/414.jpg
488;Remachadoras y remaches;22;https://www.aftgrupo.com/img_cats/488.jpg
489;Grapadoras y Grapas;22;https://www.aftgrupo.com/img_cats/489.jpg
491;Serruchos;22;https://www.aftgrupo.com/img_cats/491.jpg
649;Destornilladores boca vaso hexagonal;22;https://www.aftgrupo.com/img_cats/649.jpg
650;Destornilladores boca plana estampada;22;https://www.aftgrupo.com/img_cats/650.jpg
651;Destornilladores boca plana vaciada;22;https://www.aftgrupo.com/img_cats/651.jpg
652;Destornilladores boca Torx;22;https://www.aftgrupo.com/img_cats/652.jpg
653;Destornilladores boca Philips;22;https://www.aftgrupo.com/img_cats/653.jpg
654;Destornilladores boca pozidriv;22;https://www.aftgrupo.com/img_cats/654.jpg
655;Destornilladores buscapolos;22;https://www.aftgrupo.com/img_cats/655.jpg
656;Destornilladores seguridad 1000 v.;22;https://www.aftgrupo.com/img_cats/656.jpg
657;Juegos de destornilladores;22;https://www.aftgrupo.com/img_cats/657.jpg
658;Destornilladores especiales;22;https://www.aftgrupo.com/img_cats/658.jpg
660;Destorpuntas boca plana;22;https://www.aftgrupo.com/img_cats/660.jpg
661;Destorpuntas boca hexagonal;22;https://www.aftgrupo.com/img_cats/661.jpg
662;Destorpuntas boca Philips;22;https://www.aftgrupo.com/img_cats/662.jpg
663;Destorpuntas boca Torx;22;https://www.aftgrupo.com/img_cats/663.jpg
664;Destorpuntas boca pozidriv;22;https://www.aftgrupo.com/img_cats/664.jpg
665;Portapuntas;22;https://www.aftgrupo.com/img_cats/665.jpg
666;Destorpuntas boca vaso hexagonal;22;https://www.aftgrupo.com/img_cats/666.jpg
667;Juegos de destorpuntas;22;https://www.aftgrupo.com/img_cats/667.jpg
668;Llaves bujía;22;https://www.aftgrupo.com/img_cats/668.jpg
669;Llaves ajustables;22;https://www.aftgrupo.com/img_cats/669.jpg
670;Llaves fijas;22;https://www.aftgrupo.com/img_cats/670.jpg
671;Llaves acodadas;22;https://www.aftgrupo.com/img_cats/671.jpg
672;Llaves pipa;22;https://www.aftgrupo.com/img_cats/672.jpg
673;Llaves tubo;22;https://www.aftgrupo.com/img_cats/673.jpg
674;Juegos de llaves;22;https://www.aftgrupo.com/img_cats/674.jpg
675;Llaves cruz;22;https://www.aftgrupo.com/img_cats/675.jpg
698;Tornillos de banco;22;https://www.aftgrupo.com/img_cats/698.jpg
699;Mordazas;22;https://www.aftgrupo.com/img_cats/699.jpg
700;Llaves Torx;22;https://www.aftgrupo.com/img_cats/700.jpg
701;Alicates universales;22;https://www.aftgrupo.com/img_cats/701.jpg
702;Alicates de corte ;22;https://www.aftgrupo.com/img_cats/702.jpg
703;Alicates boca plana;22;https://www.aftgrupo.com/img_cats/703.jpg
704;Alicates boca curva;22;https://www.aftgrupo.com/img_cats/704.jpg
706;Alicates pelacables;22;https://www.aftgrupo.com/img_cats/706.jpg
707;Alicates mini;22;https://www.aftgrupo.com/img_cats/707.jpg
708;Alicates especiales;22;https://www.aftgrupo.com/img_cats/708.jpg
709;Alicates arandelas;22;https://www.aftgrupo.com/img_cats/709.jpg
710;Alicates de seguridad;22;https://www.aftgrupo.com/img_cats/710.jpg
721;Llanas y talochas;22;https://www.aftgrupo.com/img_cats/721.jpg
722;Espátulas y rascadores;22;https://www.aftgrupo.com/img_cats/722.jpg
737;Limas para hierro;22;https://www.aftgrupo.com/img_cats/737.jpg
738;Limas para madera;22;https://www.aftgrupo.com/img_cats/738.jpg
739;Limas para afilar;22;https://www.aftgrupo.com/img_cats/739.jpg
740;Juegos de limas;22;https://www.aftgrupo.com/img_cats/740.jpg
741;Sacabocados;22;https://www.aftgrupo.com/img_cats/741.jpg
1153;Mangos;22;https://www.aftgrupo.com/img_cats/1153.jpg
723;Mangos para Palas;1153;https://www.aftgrupo.com/img_cats/723.jpg
724;Mangos para Raederas;1153;https://www.aftgrupo.com/img_cats/724.jpg
725;Mangos para Macetas;1153;https://www.aftgrupo.com/img_cats/725.jpg
726;Mangos para Alcotanas;1153;https://www.aftgrupo.com/img_cats/726.jpg
727;Mangos para Mazas;1153;https://www.aftgrupo.com/img_cats/727.jpg
728;Mangos para Limas;1153;https://www.aftgrupo.com/img_cats/728.jpg
729;Mangos para Martillos;1153;https://www.aftgrupo.com/img_cats/729.jpg
730;Mangos para Azadas;1153;https://www.aftgrupo.com/img_cats/730.jpg
731;Mangos para Cepillos;1153;https://www.aftgrupo.com/img_cats/731.jpg
732;Mangos para Picos ;1153;https://www.aftgrupo.com/img_cats/732.jpg
733;Mangos para Hachas;1153;https://www.aftgrupo.com/img_cats/733.jpg
735;Mangos para Rastrillos;1153;https://www.aftgrupo.com/img_cats/735.jpg
736;Mangos para Espátulas soladores;1153;https://www.aftgrupo.com/img_cats/736.jpg
748;Bolsas y fundas herramientas;22;https://www.aftgrupo.com/img_cats/748.jpg
749;Cajas de herramientas y Carros;22;https://www.aftgrupo.com/img_cats/749.jpg
811;Medidores laser;22;https://www.aftgrupo.com/img_cats/811.jpg
812;Tubo transparente de nivel;22;https://www.aftgrupo.com/img_cats/812.jpg
813;Macetas;22;https://www.aftgrupo.com/img_cats/813.jpg
814;Alcotanas;22;https://www.aftgrupo.com/img_cats/814.jpg
815;Mazas de goma;22;https://www.aftgrupo.com/img_cats/815.jpg
816;Tijeras de chapa;22;https://www.aftgrupo.com/img_cats/816.jpg
817;Cribas para arena;22;https://www.aftgrupo.com/img_cats/817.jpg
818;Raederas y Rastrillos;22;https://www.aftgrupo.com/img_cats/818.jpg
933;Tijeras de cocina;22;https://www.aftgrupo.com/img_cats/933.jpg
934;Tijeras de costura y confección;22;https://www.aftgrupo.com/img_cats/934.jpg
935;Tijeras de higiene personal;22;https://www.aftgrupo.com/img_cats/935.jpg
1133;Destornilladores boca Spanner;22;https://www.aftgrupo.com/img_cats/1133.jpg
1157;Llaves de gancho articuladas;22;https://www.aftgrupo.com/img_cats/1157.jpg
23;Herramientas electricas;8;https://www.aftgrupo.com/img_cats/23.jpg
1151;Sierras eléctricas;23;https://www.aftgrupo.com/img_cats/1151.jpg
29;Fresadoras eléctricas;23;https://www.aftgrupo.com/img_cats/29.jpg
30;Pistolas termocolantes;23;https://www.aftgrupo.com/img_cats/30.jpg
32;Polipastos eléctricos de elevación;23;https://www.aftgrupo.com/img_cats/32.jpg
33;Aspiradores eléctricos y accesorios;23;https://www.aftgrupo.com/img_cats/33.jpg
34;Bombas de agua;23;https://www.aftgrupo.com/img_cats/34.jpg
35;Hormigoneras;23;https://www.aftgrupo.com/img_cats/35.jpg
37;Hidrolimpiadoras y accesorios;23;https://www.aftgrupo.com/img_cats/37.jpg
1144;Esmeriladoras;23;https://www.aftgrupo.com/img_cats/1144.jpg
268;Accesorios para herramientas eléctricas;23;https://www.aftgrupo.com/img_cats/268.jpg
269;Brocas para madera;268;https://www.aftgrupo.com/img_cats/269.jpg
271;Brocas para paredes;268;https://www.aftgrupo.com/img_cats/271.jpg
272;Brocas punta diamante;268;https://www.aftgrupo.com/img_cats/272.jpg
274;Portabrocas y llaves;268;https://www.aftgrupo.com/img_cats/274.jpg
275;Cepillos / Bonetes / Platos de caucho;268;https://www.aftgrupo.com/img_cats/275.jpg
278;Hojas de sierra;268;https://www.aftgrupo.com/img_cats/278.jpg
279;Cuchillas y correas;268;https://www.aftgrupo.com/img_cats/279.jpg
576;Juegos y maletines de brocas;268;https://www.aftgrupo.com/img_cats/576.jpg
339;Fresas;268;https://www.aftgrupo.com/img_cats/339.jpg
340;Baterias y cargadores;268;https://www.aftgrupo.com/img_cats/340.jpg
341;Varios;268;https://www.aftgrupo.com/img_cats/341.jpg
349;Brocas Sds plus / Sds Max;268;https://www.aftgrupo.com/img_cats/349.jpg
579;Brocas para cerámica y mármol;268;https://www.aftgrupo.com/img_cats/579.jpg
580;Brocas para cristal;268;https://www.aftgrupo.com/img_cats/580.jpg
581;Brocas Multiusos;268;https://www.aftgrupo.com/img_cats/581.jpg
582;Brocas Escalonadas;268;https://www.aftgrupo.com/img_cats/582.jpg
583;Brocas para grés porcelánico;268;https://www.aftgrupo.com/img_cats/583.jpg
716;Brocas Acero rápido HSS (Para hierro);268;https://www.aftgrupo.com/img_cats/716.jpg
717;Brocas Titanio HSS (Para hierro);268;https://www.aftgrupo.com/img_cats/717.jpg
718;Brocas Cobalto HSS (Para hierro);268;https://www.aftgrupo.com/img_cats/718.jpg
719;Brocas HSS Sprint (Para hierro);268;https://www.aftgrupo.com/img_cats/719.jpg
720;Brocas HSS Super (Para hierro);268;https://www.aftgrupo.com/img_cats/720.jpg
877;Coronas bimetal;268;https://www.aftgrupo.com/img_cats/877.jpg
878;Coronas widia;268;https://www.aftgrupo.com/img_cats/878.jpg
879;Coronas para madera;268;https://www.aftgrupo.com/img_cats/879.jpg
880;Soportes para coronas;268;https://www.aftgrupo.com/img_cats/880.jpg
881;Juegos de coronas;268;https://www.aftgrupo.com/img_cats/881.jpg
882;Accesorios lija;268;https://www.aftgrupo.com/img_cats/882.jpg
883;Discos lija;268;https://www.aftgrupo.com/img_cats/883.jpg
884;Lijas recambio electroportátiles;268;https://www.aftgrupo.com/img_cats/884.jpg
885;Abanicos lija;268;https://www.aftgrupo.com/img_cats/885.jpg
886;Discos de láminas;268;https://www.aftgrupo.com/img_cats/886.jpg
887;Muelas de corindón;268;https://www.aftgrupo.com/img_cats/887.jpg
888;Muelas de carburo de silicio;268;https://www.aftgrupo.com/img_cats/888.jpg
889;Muelas para esmeriladoras;268;https://www.aftgrupo.com/img_cats/889.jpg
891;Discos de corte abrasivos;268;https://www.aftgrupo.com/img_cats/891.jpg
892;Discos de corte diamante;268;https://www.aftgrupo.com/img_cats/892.jpg
1123;Brocas Hss Sprint Master (Para hierro);268;https://www.aftgrupo.com/img_cats/1123.jpg
1124;Brocas Hss Pro (Para hierro);268;https://www.aftgrupo.com/img_cats/1124.jpg
1125;Brocas para granito;268;https://www.aftgrupo.com/img_cats/1125.jpg
1145;Amoladoras;23;https://www.aftgrupo.com/img_cats/1145.jpg
1146;Multiherramientas;23;https://www.aftgrupo.com/img_cats/1146.jpg
1149;Lijadoras y Pistolas decapantes;23;https://www.aftgrupo.com/img_cats/1149.jpg
1147;Multiherramientas (Accesorios);23;https://www.aftgrupo.com/img_cats/1147.jpg
1148;Amoladoras (Accesorios);23;https://www.aftgrupo.com/img_cats/1148.jpg
1150;Cepillos eléctricos;23;https://www.aftgrupo.com/img_cats/1150.jpg
492;Máquinas de soldar y accesorios;23;https://www.aftgrupo.com/img_cats/492.jpg
496;Soldadores de estaño y accesorios;23;https://www.aftgrupo.com/img_cats/496.jpg
560;Taladros y Atornilladores eléctricos;23;https://www.aftgrupo.com/img_cats/560.jpg
637;Martillos demoledores y electroneumáticos;23;https://www.aftgrupo.com/img_cats/637.jpg
638;Mezcladores eléctricos y accesorios;23;https://www.aftgrupo.com/img_cats/638.jpg
639;Niveles y medidores laser;23;https://www.aftgrupo.com/img_cats/639.jpg
1109;Taladros de columna;23;https://www.aftgrupo.com/img_cats/1109.jpg
1161;Generadores;23;https://www.aftgrupo.com/img_cats/1161.jpg
92;Herramientas agricolas;8;https://www.aftgrupo.com/img_cats/92.jpg
342;Azadas;92;https://www.aftgrupo.com/img_cats/342.jpg
337;Tijeras de podar (Accesorios y recambios);92;https://www.aftgrupo.com/img_cats/337.jpg
343;Serruchos de podar;92;https://www.aftgrupo.com/img_cats/343.jpg
344;Tijeras de podar y recolectar;92;https://www.aftgrupo.com/img_cats/344.jpg
345;Rastrillos y Horcas;92;https://www.aftgrupo.com/img_cats/345.jpg
346;Hachas / Tajamatas / Hoces;92;https://www.aftgrupo.com/img_cats/346.jpg
347;Serruchos de podar (Recambios);92;https://www.aftgrupo.com/img_cats/347.jpg
348;Navajas;92;https://www.aftgrupo.com/img_cats/348.jpg
9;SEGURIDAD Y VESTUARIO;0;
830;Protectores auditivos;9;https://www.aftgrupo.com/img_cats/830.jpg
744;Trajes de agua;9;https://www.aftgrupo.com/img_cats/744.jpg
226;Señalización;9;https://www.aftgrupo.com/img_cats/226.jpg
239;Balizas señalización y cinta seguridad;226;https://www.aftgrupo.com/img_cats/239.jpg
240;Pintura trazadora en spray;226;https://www.aftgrupo.com/img_cats/240.jpg
241;Tela balizamiento y setas protectoras;226;https://www.aftgrupo.com/img_cats/241.jpg
893;Carteles fluorescentes;226;https://www.aftgrupo.com/img_cats/893.jpg
894;Carteles no fluorescentes;226;https://www.aftgrupo.com/img_cats/894.jpg
227;Gafas protectoras;9;https://www.aftgrupo.com/img_cats/227.jpg
229;Mascarillas respiratorias y filtros;9;https://www.aftgrupo.com/img_cats/229.jpg
230;Fajas / Rodilleras / Muñequeras;9;https://www.aftgrupo.com/img_cats/230.jpg
231;Arneses, y cinturones de seguridad;9;https://www.aftgrupo.com/img_cats/231.jpg
232;Calzado de seguridad;9;https://www.aftgrupo.com/img_cats/232.jpg
1107;Deportivas seguridad S-3;232;https://www.aftgrupo.com/img_cats/1107.jpg
836;Botas seguridad S1P;232;https://www.aftgrupo.com/img_cats/836.jpg
837;Zapatos seguridad S1P;232;https://www.aftgrupo.com/img_cats/837.jpg
838;Deportivas seguridad S1P;232;https://www.aftgrupo.com/img_cats/838.jpg
840;Botas de campo;232;https://www.aftgrupo.com/img_cats/840.jpg
1121;Botas seguridad S-3;232;https://www.aftgrupo.com/img_cats/1121.jpg
234;Buzos de trabajo;9;https://www.aftgrupo.com/img_cats/234.jpg
236;Chalecos de trabajo;9;https://www.aftgrupo.com/img_cats/236.jpg
237;Alta visibilidad;9;https://www.aftgrupo.com/img_cats/237.jpg
820;Guantes de piel;9;https://www.aftgrupo.com/img_cats/820.jpg
821;Guantes para soldadores;9;https://www.aftgrupo.com/img_cats/821.jpg
822;Guantes de nitrilo;9;https://www.aftgrupo.com/img_cats/822.jpg
823;Guantes de poliuretano;9;https://www.aftgrupo.com/img_cats/823.jpg
824;Guantes de PVC;9;https://www.aftgrupo.com/img_cats/824.jpg
825;Guantes de algodón;9;https://www.aftgrupo.com/img_cats/825.jpg
826;Guantes domésticos;9;https://www.aftgrupo.com/img_cats/826.jpg
827;Guantes de latex;9;https://www.aftgrupo.com/img_cats/827.jpg
828;Guantes desechables;9;https://www.aftgrupo.com/img_cats/828.jpg
829;Cascos protectores;9;https://www.aftgrupo.com/img_cats/829.jpg
831;Mascarillas desechables;9;https://www.aftgrupo.com/img_cats/831.jpg
832;Guantes de nylon;9;https://www.aftgrupo.com/img_cats/832.jpg
833;Pantallas de soldar;9;https://www.aftgrupo.com/img_cats/833.jpg
834;Protectores faciales;9;https://www.aftgrupo.com/img_cats/834.jpg
846;Chaquetas de trabajo;9;https://www.aftgrupo.com/img_cats/846.jpg
847;Pantalones de trabajo;9;https://www.aftgrupo.com/img_cats/847.jpg
848;Petos de trabajo;9;https://www.aftgrupo.com/img_cats/848.jpg
850;Buzos desechables;9;https://www.aftgrupo.com/img_cats/850.jpg
851;Jerseys de trabajo;9;https://www.aftgrupo.com/img_cats/851.jpg
852;Parkas y Mochilas de trabajo;9;https://www.aftgrupo.com/img_cats/852.jpg
1154;Botas de goma;9;https://www.aftgrupo.com/img_cats/1154.jpg
841;Botas goma altas negras;1154;https://www.aftgrupo.com/img_cats/841.jpg
842;Botas goma altas verdes;1154;https://www.aftgrupo.com/img_cats/842.jpg
843;Botas goma bajas negras;1154;https://www.aftgrupo.com/img_cats/843.jpg
844;Botas goma altas verdes Seguridad;1154;https://www.aftgrupo.com/img_cats/844.jpg
845;Botas goma altas verdes de invierno;1154;https://www.aftgrupo.com/img_cats/845.jpg
1158;Mamparas y Rótulos de protección;9;https://www.aftgrupo.com/img_cats/1158.jpg
10;FERRETERIA;0;
11;Pintura;10;https://www.aftgrupo.com/img_cats/11.jpg
1113;Esmaltes;11;https://www.aftgrupo.com/img_cats/1113.jpg
281;Brochas, pinceles y paletinas;11;https://www.aftgrupo.com/img_cats/281.jpg
282;Rodillos y cubetas;11;https://www.aftgrupo.com/img_cats/282.jpg
284;Mezcladores;11;https://www.aftgrupo.com/img_cats/284.jpg
543;Máquinas de pintar;11;https://www.aftgrupo.com/img_cats/543.jpg
544;Máquinas de pintar (Repuestos) ;11;https://www.aftgrupo.com/img_cats/544.jpg
801;Sprays pintura standar;11;https://www.aftgrupo.com/img_cats/801.jpg
802;Sprays pintura trazadores obras;11;https://www.aftgrupo.com/img_cats/802.jpg
803;Sprays de pintura específicos;11;https://www.aftgrupo.com/img_cats/803.jpg
804;Espátulas y rascadores;11;https://www.aftgrupo.com/img_cats/804.jpg
805;Fieltros y plásticos multiusos;11;https://www.aftgrupo.com/img_cats/805.jpg
806;Cintas Maskin-tape;11;https://www.aftgrupo.com/img_cats/806.jpg
807;Pistolas de pintar;11;https://www.aftgrupo.com/img_cats/807.jpg
808;Masillas / Disolventes / Cementos y colas;11;https://www.aftgrupo.com/img_cats/808.jpg
12;Sellantes / Adhesivos / Masillas / Cintas;10;https://www.aftgrupo.com/img_cats/12.jpg
59;Cementos y colas;12;https://www.aftgrupo.com/img_cats/59.jpg
1096;Masilla refractaria;12;https://www.aftgrupo.com/img_cats/1096.jpg
452;Colas;12;https://www.aftgrupo.com/img_cats/452.jpg
453;Pegamentos Nural específicos;12;https://www.aftgrupo.com/img_cats/453.jpg
454;Pegamentos Cianocrilatos rápidos;12;https://www.aftgrupo.com/img_cats/454.jpg
455;Pegamentos de contacto;12;https://www.aftgrupo.com/img_cats/455.jpg
456;Pegamentos Pvc y limpiador;12;https://www.aftgrupo.com/img_cats/456.jpg
457;Masilla para madera;12;https://www.aftgrupo.com/img_cats/457.jpg
458;Cinta Americana / Fibra de vidrio;12;https://www.aftgrupo.com/img_cats/458.jpg
459;Cintas de embalar;12;https://www.aftgrupo.com/img_cats/459.jpg
460;Silicona en cartucho;12;https://www.aftgrupo.com/img_cats/460.jpg
461;Silicona en barra;12;https://www.aftgrupo.com/img_cats/461.jpg
462;Pistolas y aplicaddores de silicona;12;https://www.aftgrupo.com/img_cats/462.jpg
463;Anclajes químicos;12;https://www.aftgrupo.com/img_cats/463.jpg
619;Cintas Aislantes;12;https://www.aftgrupo.com/img_cats/619.jpg
620;Cintas Doble cara;12;https://www.aftgrupo.com/img_cats/620.jpg
621;Cintas Maskin-tape;12;https://www.aftgrupo.com/img_cats/621.jpg
622;Cintas PTFE / Sanitaria;12;https://www.aftgrupo.com/img_cats/622.jpg
623;Cintas Autosoldantes / Aluminio;12;https://www.aftgrupo.com/img_cats/623.jpg
624;Cintas Antipájaros;12;https://www.aftgrupo.com/img_cats/624.jpg
625;Cintas Antideslizantes / Fotoluminiscentes;12;https://www.aftgrupo.com/img_cats/625.jpg
630;Reparador de esmalte;12;https://www.aftgrupo.com/img_cats/630.jpg
631;Pegamentos especiales sin clavo y extrafuerte;12;https://www.aftgrupo.com/img_cats/631.jpg
632;Masillas de poliuretano;12;https://www.aftgrupo.com/img_cats/632.jpg
633;Masilla MS Universal elástico;12;https://www.aftgrupo.com/img_cats/633.jpg
634;Masilla de montaje;12;https://www.aftgrupo.com/img_cats/634.jpg
635;Ceras para madera;12;https://www.aftgrupo.com/img_cats/635.jpg
1112;Plásticos y Papel para embalar;12;https://www.aftgrupo.com/img_cats/1112.jpg
18;Fijacion y Soportes;10;https://www.aftgrupo.com/img_cats/18.jpg
69;Tornillos;18;https://www.aftgrupo.com/img_cats/69.jpg
598;Tirafondos pozidriv;69;https://www.aftgrupo.com/img_cats/598.jpg
599;Tirafondos exagonales ;69;https://www.aftgrupo.com/img_cats/599.jpg
617;Tornillos broca;69;https://www.aftgrupo.com/img_cats/617.jpg
1101;Tornillos para tiradores muebles;69;https://www.aftgrupo.com/img_cats/1101.jpg
73;Soportes TV ;18;https://www.aftgrupo.com/img_cats/73.jpg
74;Ganchos multiuso;18;https://www.aftgrupo.com/img_cats/74.jpg
97;Accesorios para cable  y alambre;18;https://www.aftgrupo.com/img_cats/97.jpg
981;Grilletes;97;https://www.aftgrupo.com/img_cats/981.jpg
982;Guardacabos;97;https://www.aftgrupo.com/img_cats/982.jpg
983;Sujetacables;97;https://www.aftgrupo.com/img_cats/983.jpg
984;Tensores;97;https://www.aftgrupo.com/img_cats/984.jpg
985;Ganchos de carga;97;https://www.aftgrupo.com/img_cats/985.jpg
986;Ganchos uralita;97;https://www.aftgrupo.com/img_cats/986.jpg
987;Ganchos S;97;https://www.aftgrupo.com/img_cats/987.jpg
988;Enganches rápidos de cadena;97;https://www.aftgrupo.com/img_cats/988.jpg
989;Pasadores;97;https://www.aftgrupo.com/img_cats/989.jpg
990;Mosquetones bombero;97;https://www.aftgrupo.com/img_cats/990.jpg
991;Anillas;97;https://www.aftgrupo.com/img_cats/991.jpg
992;Mosquetones de muelle;97;https://www.aftgrupo.com/img_cats/992.jpg
993;Mosquetones anilla giratoria;97;https://www.aftgrupo.com/img_cats/993.jpg
994;Poleas;97;https://www.aftgrupo.com/img_cats/994.jpg
548;Pinzas de sujección;18;https://www.aftgrupo.com/img_cats/548.jpg
597;Ganchos lámpara y accesorios;18;https://www.aftgrupo.com/img_cats/597.jpg
600;Alcayatas;18;https://www.aftgrupo.com/img_cats/600.jpg
601;Hembrillas y Cáncamos;18;https://www.aftgrupo.com/img_cats/601.jpg
602;Arandelas;18;https://www.aftgrupo.com/img_cats/602.jpg
603;Puntas;18;https://www.aftgrupo.com/img_cats/603.jpg
604;Tuercas;18;https://www.aftgrupo.com/img_cats/604.jpg
605;Anclajes;18;https://www.aftgrupo.com/img_cats/605.jpg
606;Anclajes metálicos;605;https://www.aftgrupo.com/img_cats/606.jpg
607;Anclajes químicos;605;https://www.aftgrupo.com/img_cats/607.jpg
608;Bridas;18;https://www.aftgrupo.com/img_cats/608.jpg
609;Abrazaderas;18;https://www.aftgrupo.com/img_cats/609.jpg
770;Abrazaderas metálicas M6;609;https://www.aftgrupo.com/img_cats/770.jpg
771;Abrazaderas reforzadas Super;609;https://www.aftgrupo.com/img_cats/771.jpg
772;Abrazaderas sin fin zincadas;609;https://www.aftgrupo.com/img_cats/772.jpg
773;Abrazaderas sin fin inoxidables;609;https://www.aftgrupo.com/img_cats/773.jpg
774;Abrazaderas Butaclamp;609;https://www.aftgrupo.com/img_cats/774.jpg
775;Abrazaderas especiales;609;https://www.aftgrupo.com/img_cats/775.jpg
776;Cinta perforada;609;https://www.aftgrupo.com/img_cats/776.jpg
1132;Abrazaderas 2 Orejas;609;https://www.aftgrupo.com/img_cats/1132.jpg
610;Tacos ;18;https://www.aftgrupo.com/img_cats/610.jpg
792;Tacos plástico blancos;610;https://www.aftgrupo.com/img_cats/792.jpg
793;Tacos nylon grises;610;https://www.aftgrupo.com/img_cats/793.jpg
794;Tacos para sanitarios;610;https://www.aftgrupo.com/img_cats/794.jpg
795;Tacos con tornillo;610;https://www.aftgrupo.com/img_cats/795.jpg
796;Tacos mini;610;https://www.aftgrupo.com/img_cats/796.jpg
797;Tacos para pladur;610;https://www.aftgrupo.com/img_cats/797.jpg
798;Tacos SN;610;https://www.aftgrupo.com/img_cats/798.jpg
799;Tacos multiacción MU;610;https://www.aftgrupo.com/img_cats/799.jpg
800;Tacos multiacción MU con tornillo;610;https://www.aftgrupo.com/img_cats/800.jpg
611;Grapas metálicas;18;https://www.aftgrupo.com/img_cats/611.jpg
612;Angulos y placas;18;https://www.aftgrupo.com/img_cats/612.jpg
613;Colgadores;18;https://www.aftgrupo.com/img_cats/613.jpg
614;Soportes para madera;18;https://www.aftgrupo.com/img_cats/614.jpg
615;Varilla roscada;18;https://www.aftgrupo.com/img_cats/615.jpg
616;Espigas de madera;18;https://www.aftgrupo.com/img_cats/616.jpg
618;Chinchetas y tachuelas;18;https://www.aftgrupo.com/img_cats/618.jpg
1086;Caballetes ;18;https://www.aftgrupo.com/img_cats/1086.jpg
1129;Palomillas aire acondicionado;18;https://www.aftgrupo.com/img_cats/1129.jpg
19;Trefileria;10;https://www.aftgrupo.com/img_cats/19.jpg
72;Mallas metálicas;19;https://www.aftgrupo.com/img_cats/72.jpg
474;Mallas de plástico;19;https://www.aftgrupo.com/img_cats/474.jpg
475;Grapas y pasadores para cercados;19;https://www.aftgrupo.com/img_cats/475.jpg
476;Mallas mosquiteras;19;https://www.aftgrupo.com/img_cats/476.jpg
477;Malla de sombreo clásica;19;https://www.aftgrupo.com/img_cats/477.jpg
584;Alambres especiales;19;https://www.aftgrupo.com/img_cats/584.jpg
585;Alambre galvanizado;19;https://www.aftgrupo.com/img_cats/585.jpg
586;Alambre latón;19;https://www.aftgrupo.com/img_cats/586.jpg
587;Alambre plastificado;19;https://www.aftgrupo.com/img_cats/587.jpg
589;Cadena decorativa;19;https://www.aftgrupo.com/img_cats/589.jpg
590;Cadena pulida;19;https://www.aftgrupo.com/img_cats/590.jpg
591;Cadena zincada;19;https://www.aftgrupo.com/img_cats/591.jpg
592;Cadena de plástico;19;https://www.aftgrupo.com/img_cats/592.jpg
593;Ronzales de cadena;19;https://www.aftgrupo.com/img_cats/593.jpg
594;Cable de acero;19;https://www.aftgrupo.com/img_cats/594.jpg
1076;Alambre para atadura de plantas;19;https://www.aftgrupo.com/img_cats/1076.jpg
967;Grilletes;19;https://www.aftgrupo.com/img_cats/967.jpg
968;Guardacabos;19;https://www.aftgrupo.com/img_cats/968.jpg
969;Sujetacables;19;https://www.aftgrupo.com/img_cats/969.jpg
970;Tensores;19;https://www.aftgrupo.com/img_cats/970.jpg
971;Ganchos de carga;19;https://www.aftgrupo.com/img_cats/971.jpg
972;Ganchos uralita;19;https://www.aftgrupo.com/img_cats/972.jpg
973;Ganchos S;19;https://www.aftgrupo.com/img_cats/973.jpg
974;Enganches rápìdos cadena;19;https://www.aftgrupo.com/img_cats/974.jpg
975;Pasadores;19;https://www.aftgrupo.com/img_cats/975.jpg
976;Mosquetones bombero;19;https://www.aftgrupo.com/img_cats/976.jpg
977;Anillas;19;https://www.aftgrupo.com/img_cats/977.jpg
978;Mosquetones de muelle;19;https://www.aftgrupo.com/img_cats/978.jpg
979;Mosquetones anilla giratoria;19;https://www.aftgrupo.com/img_cats/979.jpg
980;Poleas;19;https://www.aftgrupo.com/img_cats/980.jpg
1077;Malla de sombreo al 90%;19;https://www.aftgrupo.com/img_cats/1077.jpg
21;Carretillas y transpaletas;10;https://www.aftgrupo.com/img_cats/21.jpg
787;Carretillas;21;https://www.aftgrupo.com/img_cats/787.jpg
788;Transpaletas de almacén;21;https://www.aftgrupo.com/img_cats/788.jpg
897;Ruedas para carretillas;21;https://www.aftgrupo.com/img_cats/897.jpg
36;Escaleras;10;https://www.aftgrupo.com/img_cats/36.jpg
481;Escaleras Industriales;36;https://www.aftgrupo.com/img_cats/481.jpg
482;Escaleras Domésticas;36;https://www.aftgrupo.com/img_cats/482.jpg
483;Recambios escaleras;36;https://www.aftgrupo.com/img_cats/483.jpg
895;Andamios;36;https://www.aftgrupo.com/img_cats/895.jpg
51;Cordeleria;10;https://www.aftgrupo.com/img_cats/51.jpg
53;Abrasivos;10;https://www.aftgrupo.com/img_cats/53.jpg
350;Discos de corte abrasivos;53;https://www.aftgrupo.com/img_cats/350.jpg
351;Lijas recambio electroportátiles;53;https://www.aftgrupo.com/img_cats/351.jpg
352;Piedras de afilar y muelas;53;https://www.aftgrupo.com/img_cats/352.jpg
353;Cepillos;53;https://www.aftgrupo.com/img_cats/353.jpg
641;Discos lija;53;https://www.aftgrupo.com/img_cats/641.jpg
642;Abanicos lija;53;https://www.aftgrupo.com/img_cats/642.jpg
643;Discos laminas;53;https://www.aftgrupo.com/img_cats/643.jpg
644;Esponjas y tacos de lija;53;https://www.aftgrupo.com/img_cats/644.jpg
645;Lana de acero;53;https://www.aftgrupo.com/img_cats/645.jpg
646;Accesorios lija;53;https://www.aftgrupo.com/img_cats/646.jpg
647;Pliegos de lija;53;https://www.aftgrupo.com/img_cats/647.jpg
746;Discos de corte diamante;53;https://www.aftgrupo.com/img_cats/746.jpg
76;Coche;10;https://www.aftgrupo.com/img_cats/76.jpg
750;Cargabaterías y pinzas ;76;https://www.aftgrupo.com/img_cats/750.jpg
751;Gatos y herramientas;76;https://www.aftgrupo.com/img_cats/751.jpg
752;Herramientas de engrase;76;https://www.aftgrupo.com/img_cats/752.jpg
753;Pulpos y agarres;76;https://www.aftgrupo.com/img_cats/753.jpg
754;Limpieza del automovil;76;https://www.aftgrupo.com/img_cats/754.jpg
755;Espátulas carrocero;76;https://www.aftgrupo.com/img_cats/755.jpg
756;Antirrobos y protectores;76;https://www.aftgrupo.com/img_cats/756.jpg
757;Lámparas y linternas ;76;https://www.aftgrupo.com/img_cats/757.jpg
77;Moto;10;https://www.aftgrupo.com/img_cats/77.jpg
758;Antirrobos;77;https://www.aftgrupo.com/img_cats/758.jpg
759;Bombas de inflar;77;https://www.aftgrupo.com/img_cats/759.jpg
760;Pulpos y agarres;77;https://www.aftgrupo.com/img_cats/760.jpg
761;Carga-baterias y pinzas;77;https://www.aftgrupo.com/img_cats/761.jpg
762;Artículos de limpieza;77;https://www.aftgrupo.com/img_cats/762.jpg
78;Bicicleta;10;https://www.aftgrupo.com/img_cats/78.jpg
763;Antirrobos;78;https://www.aftgrupo.com/img_cats/763.jpg
764;Pulpos y agarres;78;https://www.aftgrupo.com/img_cats/764.jpg
765;Bombas de inflar;78;https://www.aftgrupo.com/img_cats/765.jpg
766;Soportes para bici;78;https://www.aftgrupo.com/img_cats/766.jpg
767;Linternas;78;https://www.aftgrupo.com/img_cats/767.jpg
768;Herramientas y parches;78;https://www.aftgrupo.com/img_cats/768.jpg
79;Aceites y lubricantes;10;https://www.aftgrupo.com/img_cats/79.jpg
178;Suelos de goma / Pvimentos y felpudos;10;https://www.aftgrupo.com/img_cats/178.jpg
257;Cubos de goma y plástico;10;https://www.aftgrupo.com/img_cats/257.jpg
293;Cortinas;10;https://www.aftgrupo.com/img_cats/293.jpg
568;Terminales;293;https://www.aftgrupo.com/img_cats/568.jpg
567;Anillas;293;https://www.aftgrupo.com/img_cats/567.jpg
316;Rieles ;293;https://www.aftgrupo.com/img_cats/316.jpg
328;Barras de madera;293;https://www.aftgrupo.com/img_cats/328.jpg
1057;Soportes tubo ovalado;293;https://www.aftgrupo.com/img_cats/1057.jpg
331;Barras de forja;293;https://www.aftgrupo.com/img_cats/331.jpg
332;Barras zirconio;293;https://www.aftgrupo.com/img_cats/332.jpg
333;Barras de chapa;293;https://www.aftgrupo.com/img_cats/333.jpg
541;Estores;293;https://www.aftgrupo.com/img_cats/541.jpg
542;Rieles y estores (Accesorios);293;https://www.aftgrupo.com/img_cats/542.jpg
569;Complementos cortinería;293;https://www.aftgrupo.com/img_cats/569.jpg
571;Set cortina madera (Barra + accesorios);293;https://www.aftgrupo.com/img_cats/571.jpg
572;Set cortina metal (Barra + accesorios);293;https://www.aftgrupo.com/img_cats/572.jpg
573;Visillos;293;https://www.aftgrupo.com/img_cats/573.jpg
574;Cortinas de baño;293;https://www.aftgrupo.com/img_cats/574.jpg
1058;Soportes cromados;293;https://www.aftgrupo.com/img_cats/1058.jpg
1059;Soportes dorados;293;https://www.aftgrupo.com/img_cats/1059.jpg
1060;Soportes blancos;293;https://www.aftgrupo.com/img_cats/1060.jpg
1061;Soportes madera;293;https://www.aftgrupo.com/img_cats/1061.jpg
1062;Soportes forja;293;https://www.aftgrupo.com/img_cats/1062.jpg
1063;Soportes zirconio;293;https://www.aftgrupo.com/img_cats/1063.jpg
1108;Cortinas de tiras;293;https://www.aftgrupo.com/img_cats/1108.jpg
319;Conteras;10;https://www.aftgrupo.com/img_cats/319.jpg
320;Colgadores y ganchos multiuso;10;https://www.aftgrupo.com/img_cats/320.jpg
1064;Colgadores adhesivos;320;https://www.aftgrupo.com/img_cats/1064.jpg
1065;Colgadores de clavar y para cuadros;320;https://www.aftgrupo.com/img_cats/1065.jpg
1066;Colgadores y placas para muebles;320;https://www.aftgrupo.com/img_cats/1066.jpg
1067;Ganchos multiuso;320;https://www.aftgrupo.com/img_cats/1067.jpg
1068;Cuelgaescobas;320;https://www.aftgrupo.com/img_cats/1068.jpg
321;Imanes;10;https://www.aftgrupo.com/img_cats/321.jpg
375;Rejillas ventilación;10;https://www.aftgrupo.com/img_cats/375.jpg
354;Herrajes;10;https://www.aftgrupo.com/img_cats/354.jpg
376;Materiales varios de construcción;10;https://www.aftgrupo.com/img_cats/376.jpg
712;Guardavivos y otros;376;https://www.aftgrupo.com/img_cats/712.jpg
713;Tapajuntas y pisacables;376;https://www.aftgrupo.com/img_cats/713.jpg
714;Malla revoco;376;https://www.aftgrupo.com/img_cats/714.jpg
441;Reguladores de gas;10;https://www.aftgrupo.com/img_cats/441.jpg
442;Mascotas;10;https://www.aftgrupo.com/img_cats/442.jpg
443;Persianas / Burletes;10;https://www.aftgrupo.com/img_cats/443.jpg
936;Cinta para persianas;443;https://www.aftgrupo.com/img_cats/936.jpg
937;Recogedores y accesorios persiana;443;https://www.aftgrupo.com/img_cats/937.jpg
938;Topes de persiana;443;https://www.aftgrupo.com/img_cats/938.jpg
939;Bureltes metálicos con cepillo;443;https://www.aftgrupo.com/img_cats/939.jpg
940;Burletes de caucho;443;https://www.aftgrupo.com/img_cats/940.jpg
941;Burletes de espuma;443;https://www.aftgrupo.com/img_cats/941.jpg
942;Buerletes metálicos con goma;443;https://www.aftgrupo.com/img_cats/942.jpg
1078;Burletes PVC con cepillo;443;https://www.aftgrupo.com/img_cats/1078.jpg
1079;Burletes PVC con goma;443;https://www.aftgrupo.com/img_cats/1079.jpg
464;Navidad;10;https://www.aftgrupo.com/img_cats/464.jpg
478;Aire Comprimido;10;https://www.aftgrupo.com/img_cats/478.jpg
31;Enchufes y racores;478;https://www.aftgrupo.com/img_cats/31.jpg
479;Máquinas y herramientas aire comprimido;478;https://www.aftgrupo.com/img_cats/479.jpg
480;Mangueras aire comprimido;478;https://www.aftgrupo.com/img_cats/480.jpg
575;Barras y complementos armario;10;https://www.aftgrupo.com/img_cats/575.jpg
1033;Buzones y Comunidades;10;https://www.aftgrupo.com/img_cats/1033.jpg
595;Bolsas agua caliente;10;https://www.aftgrupo.com/img_cats/595.jpg
715;Tapajuntas y pisacables;10;https://www.aftgrupo.com/img_cats/715.jpg
819;Espuertas y gavetas albañil;10;https://www.aftgrupo.com/img_cats/819.jpg
896;Ruedas;10;https://www.aftgrupo.com/img_cats/896.jpg
785;Ruedas Industriales;896;https://www.aftgrupo.com/img_cats/785.jpg
786;Ruedas de carretilla;896;https://www.aftgrupo.com/img_cats/786.jpg
789;Ruedas domésticas;896;https://www.aftgrupo.com/img_cats/789.jpg
1155;Balanzas y Basculas;10;https://www.aftgrupo.com/img_cats/1155.jpg
1049;Soportes TV;10;https://www.aftgrupo.com/img_cats/1049.jpg
1050;Soportes electrodomésticos y cocina;10;https://www.aftgrupo.com/img_cats/1050.jpg
1051;Soportes para somier;10;https://www.aftgrupo.com/img_cats/1051.jpg
1052;Palomillas;10;https://www.aftgrupo.com/img_cats/1052.jpg
1053;Ganchos multiuso;10;https://www.aftgrupo.com/img_cats/1053.jpg
1054;Ganchos carnicero;10;https://www.aftgrupo.com/img_cats/1054.jpg
1055;Cierres de caja y de cartola;10;https://www.aftgrupo.com/img_cats/1055.jpg
1056;Angulos;10;https://www.aftgrupo.com/img_cats/1056.jpg
1114;Bidones;10;https://www.aftgrupo.com/img_cats/1114.jpg
1156;Lupas;10;https://www.aftgrupo.com/img_cats/1156.jpg
1159;Relojes;10;https://www.aftgrupo.com/img_cats/1159.jpg
16;ELECTRICIDAD;0;https://www.aftgrupo.com/img_cats/16.jpg
80;Pilas;16;https://www.aftgrupo.com/img_cats/80.jpg
81;Linternas;16;https://www.aftgrupo.com/img_cats/81.jpg
84;Mecanismos;16;https://www.aftgrupo.com/img_cats/84.jpg
86;Programadores;16;https://www.aftgrupo.com/img_cats/86.jpg
87;Telefonia / TV / Video;16;https://www.aftgrupo.com/img_cats/87.jpg
88;Extensibles / Prolongadores / Guias;16;https://www.aftgrupo.com/img_cats/88.jpg
89;Polimetros y Tester;16;https://www.aftgrupo.com/img_cats/89.jpg
129;Iluminacion jardín;16;https://www.aftgrupo.com/img_cats/129.jpg
685;Focos y recambios;16;https://www.aftgrupo.com/img_cats/685.jpg
678;Bombillas LED;16;https://www.aftgrupo.com/img_cats/678.jpg
679;Bombillas fluorescentes;16;https://www.aftgrupo.com/img_cats/679.jpg
681;Bombillas incandescentes especiales;16;https://www.aftgrupo.com/img_cats/681.jpg
682;Tubos fluorescentes;16;https://www.aftgrupo.com/img_cats/682.jpg
684;Bombillas halogenas;16;https://www.aftgrupo.com/img_cats/684.jpg
686;Plafones;16;https://www.aftgrupo.com/img_cats/686.jpg
687;Faroles;16;https://www.aftgrupo.com/img_cats/687.jpg
743;Timbres / Alarmas / Domótica;16;https://www.aftgrupo.com/img_cats/743.jpg
857;Lámparas portátiles;16;https://www.aftgrupo.com/img_cats/857.jpg
858;Luces de Navidad;16;https://www.aftgrupo.com/img_cats/858.jpg
859;Bases y clavijas Industriales;16;https://www.aftgrupo.com/img_cats/859.jpg
860;Bases y clavijas domésticas;16;https://www.aftgrupo.com/img_cats/860.jpg
861;Bases múltiples;16;https://www.aftgrupo.com/img_cats/861.jpg
862;Adaptadores;16;https://www.aftgrupo.com/img_cats/862.jpg
863;Fichas de empalme;16;https://www.aftgrupo.com/img_cats/863.jpg
864;Cinta aislante;16;https://www.aftgrupo.com/img_cats/864.jpg
865;Cajas de empotrar;16;https://www.aftgrupo.com/img_cats/865.jpg
866;Fusibles;16;https://www.aftgrupo.com/img_cats/866.jpg
867;Canaletas;16;https://www.aftgrupo.com/img_cats/867.jpg
868;Portalámparas;16;https://www.aftgrupo.com/img_cats/868.jpg
869;Interruptores;16;https://www.aftgrupo.com/img_cats/869.jpg
870;Herramientas para electricidad ;16;https://www.aftgrupo.com/img_cats/870.jpg
871;Tijeras electricista;870;https://www.aftgrupo.com/img_cats/871.jpg
872;Navajas y pelacables electricista;870;https://www.aftgrupo.com/img_cats/872.jpg
873;Alicates electricista;870;https://www.aftgrupo.com/img_cats/873.jpg
874;Destornilladores electricistas;870;https://www.aftgrupo.com/img_cats/874.jpg
875;Guias pasahilos;870;https://www.aftgrupo.com/img_cats/875.jpg
876;Fundas para herramientas;870;https://www.aftgrupo.com/img_cats/876.jpg
1098;Grapillas para cable;16;https://www.aftgrupo.com/img_cats/1098.jpg
17;VENTILACION Y CALEFACCION;0;
186;Ventiladores;17;https://www.aftgrupo.com/img_cats/186.jpg
193;Estufas radiantes y halógenas;17;https://www.aftgrupo.com/img_cats/193.jpg
192;Termoventiladores y termoconvectores;17;https://www.aftgrupo.com/img_cats/192.jpg
188;Calor en jardín;17;https://www.aftgrupo.com/img_cats/188.jpg
194;Radiadores;17;https://www.aftgrupo.com/img_cats/194.jpg
195;Estufas eléctricas y gas infrarrojos;17;https://www.aftgrupo.com/img_cats/195.jpg
197;Accesorios para chimeneas ;17;https://www.aftgrupo.com/img_cats/197.jpg
198;Aspirador de cenizas;17;https://www.aftgrupo.com/img_cats/198.jpg
545;Estufas de leña;17;https://www.aftgrupo.com/img_cats/545.jpg
196;Estufas de leña;545;https://www.aftgrupo.com/img_cats/196.jpg
546;Codos para estufas;545;https://www.aftgrupo.com/img_cats/546.jpg
853;Tubos para estufa ;545;https://www.aftgrupo.com/img_cats/853.jpg
854;Sombreros para estufas;545;https://www.aftgrupo.com/img_cats/854.jpg
855;Plafones / Reducciones y Abrazaderas estufa;545;https://www.aftgrupo.com/img_cats/855.jpg
856;Repuestos para Estufas de leña;545;https://www.aftgrupo.com/img_cats/856.jpg
75;BAÑO Y FONTANERIA;0;
356;Accesorios baño;75;https://www.aftgrupo.com/img_cats/356.jpg
565;Filtros agua ;75;https://www.aftgrupo.com/img_cats/565.jpg
245;Grifería lavabo y bidé;75;https://www.aftgrupo.com/img_cats/245.jpg
246;Grifería ducha y bañera;75;https://www.aftgrupo.com/img_cats/246.jpg
247;Grifería temporizada;75;https://www.aftgrupo.com/img_cats/247.jpg
250;Grifos de Fregadero;75;https://www.aftgrupo.com/img_cats/250.jpg
251;Grifos jardín rústicos;75;https://www.aftgrupo.com/img_cats/251.jpg
252;Sopletes y estaño;75;https://www.aftgrupo.com/img_cats/252.jpg
253;Latiguillos;75;https://www.aftgrupo.com/img_cats/253.jpg
254;Sifones y válvulas;75;https://www.aftgrupo.com/img_cats/254.jpg
255;Sumideros, calderetas y botes sifónicos;75;https://www.aftgrupo.com/img_cats/255.jpg
355;Cortinas de baño;75;https://www.aftgrupo.com/img_cats/355.jpg
564;Agarres ducha;75;https://www.aftgrupo.com/img_cats/564.jpg
366;Barras cortina baño;75;https://www.aftgrupo.com/img_cats/366.jpg
377;Evacuación;75;https://www.aftgrupo.com/img_cats/377.jpg
378;Tapones de goma y cadenas;75;https://www.aftgrupo.com/img_cats/378.jpg
379;Grifos y gomas lavadora;75;https://www.aftgrupo.com/img_cats/379.jpg
380;Racores y juntas;75;https://www.aftgrupo.com/img_cats/380.jpg
382;Atomizadores;75;https://www.aftgrupo.com/img_cats/382.jpg
411;Monturas grifo;75;https://www.aftgrupo.com/img_cats/411.jpg
412;Embellecedores / Plafones / Soportes;75;https://www.aftgrupo.com/img_cats/412.jpg
413;Cisternas;75;https://www.aftgrupo.com/img_cats/413.jpg
901;Descargadores de cisterna;413;https://www.aftgrupo.com/img_cats/901.jpg
902;Boyas y flotadores cisternas;413;https://www.aftgrupo.com/img_cats/902.jpg
903;Despiece de cisterna;413;https://www.aftgrupo.com/img_cats/903.jpg
904;Gomas y juntas para cisternas;413;https://www.aftgrupo.com/img_cats/904.jpg
905;Tanques de cisterna;413;https://www.aftgrupo.com/img_cats/905.jpg
431;Flexos y manerales ducha;75;https://www.aftgrupo.com/img_cats/431.jpg
547;Grifos esfera y llaves de paso;75;https://www.aftgrupo.com/img_cats/547.jpg
550;Tubos salida de humos;75;https://www.aftgrupo.com/img_cats/550.jpg
629;Materiales varios fontaneria;75;https://www.aftgrupo.com/img_cats/629.jpg
742;Herramientas fontanería;75;https://www.aftgrupo.com/img_cats/742.jpg
790;Tapas WC;75;https://www.aftgrupo.com/img_cats/790.jpg
791;Alfombras de baño;75;https://www.aftgrupo.com/img_cats/791.jpg
906;Grifería especial;75;https://www.aftgrupo.com/img_cats/906.jpg
907;Accesorios para fregaderos;75;https://www.aftgrupo.com/img_cats/907.jpg
908;Grifos para fuentes;75;https://www.aftgrupo.com/img_cats/908.jpg
909;Grifos de latón;75;https://www.aftgrupo.com/img_cats/909.jpg
99;CERRAJERIA;0;
207;Cerraduras Seguridad y antipánico;99;https://www.aftgrupo.com/img_cats/207.jpg
385;Cerraduras Azbe;207;https://www.aftgrupo.com/img_cats/385.jpg
390;Cerraduras Tesa;207;https://www.aftgrupo.com/img_cats/390.jpg
396;Cerraduras Ucem;207;https://www.aftgrupo.com/img_cats/396.jpg
403;Cerraduras Fac;207;https://www.aftgrupo.com/img_cats/403.jpg
435;Cerraduras Jis;207;https://www.aftgrupo.com/img_cats/435.jpg
210;Cerraduras puerta cristal y portero electrónico;99;https://www.aftgrupo.com/img_cats/210.jpg
400;Cerraduras Jis;210;https://www.aftgrupo.com/img_cats/400.jpg
436;Cerraduras CBM;210;https://www.aftgrupo.com/img_cats/436.jpg
438;Cerraduras Iseo;210;https://www.aftgrupo.com/img_cats/438.jpg
447;Cerraduras Wolfpack;210;https://www.aftgrupo.com/img_cats/447.jpg
211;Cerraduras de buzón y mueble;99;https://www.aftgrupo.com/img_cats/211.jpg
212;Manillas, manillones y pomos de paso;99;https://www.aftgrupo.com/img_cats/212.jpg
215;Números y Letras;99;https://www.aftgrupo.com/img_cats/215.jpg
217;Cajas fuertes de empotrar;99;https://www.aftgrupo.com/img_cats/217.jpg
218;Cajas fuertes de sobreponer ;99;https://www.aftgrupo.com/img_cats/218.jpg
219;Cajas de caudales y archivo de llaves;99;https://www.aftgrupo.com/img_cats/219.jpg
220;Candados Arco normal;99;https://www.aftgrupo.com/img_cats/220.jpg
221;Candados Persiana / Empotrar / Tijera;99;https://www.aftgrupo.com/img_cats/221.jpg
222;Candados antirrobo vehículos;99;https://www.aftgrupo.com/img_cats/222.jpg
223;Portacandados;99;https://www.aftgrupo.com/img_cats/223.jpg
383;Cerraduras de embutir Azbe;99;https://www.aftgrupo.com/img_cats/383.jpg
384;Cerraduras de sobreponer Azbe;99;https://www.aftgrupo.com/img_cats/384.jpg
386;Cerrojos Azbe;99;https://www.aftgrupo.com/img_cats/386.jpg
387;Cilindros Azbe;99;https://www.aftgrupo.com/img_cats/387.jpg
388;Cerraduras de embutir Tesa;99;https://www.aftgrupo.com/img_cats/388.jpg
389;Cerraduras de sobreponer Tesa;99;https://www.aftgrupo.com/img_cats/389.jpg
391;Cerrojos Tesa;99;https://www.aftgrupo.com/img_cats/391.jpg
392;Cilindros Tesa;99;https://www.aftgrupo.com/img_cats/392.jpg
420;Cerrojos Wolfpack;99;https://www.aftgrupo.com/img_cats/420.jpg
394;Cerraduras de embutir Ucem;99;https://www.aftgrupo.com/img_cats/394.jpg
395;Cerraduras de sobreponer Ucem;99;https://www.aftgrupo.com/img_cats/395.jpg
445;Cilindros Wolfpack;99;https://www.aftgrupo.com/img_cats/445.jpg
398;Cilindros Ucem;99;https://www.aftgrupo.com/img_cats/398.jpg
399;Cerraduras de sobreponer Jis;99;https://www.aftgrupo.com/img_cats/399.jpg
401;Cerraduras de sobreponer Fac;99;https://www.aftgrupo.com/img_cats/401.jpg
404;Cerrojos Fac;99;https://www.aftgrupo.com/img_cats/404.jpg
405;Cilindros Fac;99;https://www.aftgrupo.com/img_cats/405.jpg
406;Cerraduras de embutir CVL;99;https://www.aftgrupo.com/img_cats/406.jpg
407;Cerraduras de sobreponer CVL;99;https://www.aftgrupo.com/img_cats/407.jpg
408;Cilindros CVL;99;https://www.aftgrupo.com/img_cats/408.jpg
409;Cerrojos CVL;99;https://www.aftgrupo.com/img_cats/409.jpg
415;Cerraduras de embutir Lince;99;https://www.aftgrupo.com/img_cats/415.jpg
416;Cerraduras de sobreponer Lince;99;https://www.aftgrupo.com/img_cats/416.jpg
417;Cerrojos Lince;99;https://www.aftgrupo.com/img_cats/417.jpg
418;Cilindros Lince;99;https://www.aftgrupo.com/img_cats/418.jpg
421;Pomos Tesa;99;https://www.aftgrupo.com/img_cats/421.jpg
422;Pomos Ucem;99;https://www.aftgrupo.com/img_cats/422.jpg
423;Pomos Wolfpack;99;https://www.aftgrupo.com/img_cats/423.jpg
1034;Buzones y Comunidades;99;https://www.aftgrupo.com/img_cats/1034.jpg
428;Muelles cierrapuertas Ucem;99;https://www.aftgrupo.com/img_cats/428.jpg
429;Muelles cierrapuertas Telesco;99;https://www.aftgrupo.com/img_cats/429.jpg
430;Muelles cierrapuertas Wolfpack;99;https://www.aftgrupo.com/img_cats/430.jpg
434;Muelles cierrapuertas Tesa;99;https://www.aftgrupo.com/img_cats/434.jpg
437;Cerraduras de embutir Iseo;99;https://www.aftgrupo.com/img_cats/437.jpg
439;Cilindros Iseo;99;https://www.aftgrupo.com/img_cats/439.jpg
440;LLaveros, portaetiquetas, aldabillas, garras de marco;99;https://www.aftgrupo.com/img_cats/440.jpg
1002;Candados Arco largo;99;https://www.aftgrupo.com/img_cats/1002.jpg
1003;Candados de combinación;99;https://www.aftgrupo.com/img_cats/1003.jpg
1006;Bisagras de cazoleta;99;https://www.aftgrupo.com/img_cats/1006.jpg
1007;Bisagras zincadas;99;https://www.aftgrupo.com/img_cats/1007.jpg
1008;Bisagras latonadas;99;https://www.aftgrupo.com/img_cats/1008.jpg
1010;Bisagra de piano;99;https://www.aftgrupo.com/img_cats/1010.jpg
1011;Bisagras de seguridad;99;https://www.aftgrupo.com/img_cats/1011.jpg
1012;Bisagras tipo T;99;https://www.aftgrupo.com/img_cats/1012.jpg
1013;Bisagras Ucem;99;https://www.aftgrupo.com/img_cats/1013.jpg
1015;Pernios torneados;99;https://www.aftgrupo.com/img_cats/1015.jpg
1017;Pernios de soldar;99;https://www.aftgrupo.com/img_cats/1017.jpg
1018;Pernios latonados con arandela;99;https://www.aftgrupo.com/img_cats/1018.jpg
1019;Pernios inoxidables y niquelados;99;https://www.aftgrupo.com/img_cats/1019.jpg
1020;Pasadores bicromatados;99;https://www.aftgrupo.com/img_cats/1020.jpg
1021;Pasadores latonados;99;https://www.aftgrupo.com/img_cats/1021.jpg
1022;Pasadores niquel;99;https://www.aftgrupo.com/img_cats/1022.jpg
1023;Pasadores de embutir;99;https://www.aftgrupo.com/img_cats/1023.jpg
1024;Picaportes Azbe;99;https://www.aftgrupo.com/img_cats/1024.jpg
1025;Picaportes Ucem;99;https://www.aftgrupo.com/img_cats/1025.jpg
1026;Picaportes Tesa;99;https://www.aftgrupo.com/img_cats/1026.jpg
1027;Picaportes Wolfpack;99;https://www.aftgrupo.com/img_cats/1027.jpg
1028;Mirillas ;99;https://www.aftgrupo.com/img_cats/1028.jpg
1029;Cadenas  de seguridad puertas;99;https://www.aftgrupo.com/img_cats/1029.jpg
1030;Topes para puertas;99;https://www.aftgrupo.com/img_cats/1030.jpg
1031;Golpetes;99;https://www.aftgrupo.com/img_cats/1031.jpg
1032;Pistones a gas para muebles;99;https://www.aftgrupo.com/img_cats/1032.jpg
1097;Cerraduras de sobreponer Wolfpack;99;https://www.aftgrupo.com/img_cats/1097.jpg
1102;Bisagras desmontables;99;https://www.aftgrupo.com/img_cats/1102.jpg
1111;Pasadores con base plástico;99;https://www.aftgrupo.com/img_cats/1111.jpg
1143;ORDEN Y LIMPIEZA;0;
957;Tijeras de costura y confección;1143;https://www.aftgrupo.com/img_cats/957.jpg
960;Armarios;1143;https://www.aftgrupo.com/img_cats/960.jpg
962;Módulos estantería (Kit);1143;https://www.aftgrupo.com/img_cats/962.jpg
287;Cajas de herramientas y Carros;1143;https://www.aftgrupo.com/img_cats/287.jpg
292;Tender / Planchar / Lavar;1143;https://www.aftgrupo.com/img_cats/292.jpg
312;Tendederos;292;https://www.aftgrupo.com/img_cats/312.jpg
313;Mesas de plancha;292;https://www.aftgrupo.com/img_cats/313.jpg
314;Perchas;292;https://www.aftgrupo.com/img_cats/314.jpg
596;Cestos ropa;292;https://www.aftgrupo.com/img_cats/596.jpg
1099;Fundas protectoras electrodomésticos;292;https://www.aftgrupo.com/img_cats/1099.jpg
304;Termómetros;1143;https://www.aftgrupo.com/img_cats/304.jpg
318;Felpudos;1143;https://www.aftgrupo.com/img_cats/318.jpg
322;Papeleras;1143;https://www.aftgrupo.com/img_cats/322.jpg
324;Cubos;1143;https://www.aftgrupo.com/img_cats/324.jpg
325;Cepillos, recogedores y fregonas;1143;https://www.aftgrupo.com/img_cats/325.jpg
326;Limpiacristales y Plumeros;1143;https://www.aftgrupo.com/img_cats/326.jpg
327;Productos de limpieza;1143;https://www.aftgrupo.com/img_cats/327.jpg
958;Tijeras de higiene personal;1143;https://www.aftgrupo.com/img_cats/958.jpg
963;Estantería ranurada;1143;https://www.aftgrupo.com/img_cats/963.jpg
964;Accesorios estantería ranurada;963;https://www.aftgrupo.com/img_cats/964.jpg
965;Bateas estantería ranurada;963;https://www.aftgrupo.com/img_cats/965.jpg
966;Perfil estantería ranurada;963;https://www.aftgrupo.com/img_cats/966.jpg
627;Fieltros / Topes / Protectores muebles;1143;https://www.aftgrupo.com/img_cats/627.jpg
1069;Topes para puertas y persianas;627;https://www.aftgrupo.com/img_cats/1069.jpg
1070;Deslizantes muebles;627;https://www.aftgrupo.com/img_cats/1070.jpg
1071;Fieltros y protectores adhesivos muebles;627;https://www.aftgrupo.com/img_cats/1071.jpg
1072;Tapatornillos adhesivos;627;https://www.aftgrupo.com/img_cats/1072.jpg
1073;Conteras de goma;627;https://www.aftgrupo.com/img_cats/1073.jpg
1074;Conteras de plástico;627;https://www.aftgrupo.com/img_cats/1074.jpg
1075;Lágrimas de silicona;627;https://www.aftgrupo.com/img_cats/1075.jpg
628;Seguridad hogar / Protección infantil;1143;https://www.aftgrupo.com/img_cats/628.jpg
1046;Zapateros y pongotodo;1143;https://www.aftgrupo.com/img_cats/1046.jpg
1047;Casetas perro y metálicas;1143;https://www.aftgrupo.com/img_cats/1047.jpg
1048;Gavetas apliables;1143;https://www.aftgrupo.com/img_cats/1048.jpg
1087;Láminas adhesivas y Vinilos electroestáticos;1143;https://www.aftgrupo.com/img_cats/1087.jpg
1104;Quitapelusas;1143;https://www.aftgrupo.com/img_cats/1104.jpg
1110;Bayetas y Estropajos;1143;https://www.aftgrupo.com/img_cats/1110.jpg
1116;Carros de compra;1143;https://www.aftgrupo.com/img_cats/1116.jpg
1117;Bolsas guarda ropa;1143;https://www.aftgrupo.com/img_cats/1117.jpg
1120;Taburetes;1143;https://www.aftgrupo.com/img_cats/1120.jpg
1122;Pequeño electrodoméstico;1143;https://www.aftgrupo.com/img_cats/1122.jpg
1126;Corchos pared y Pizarras magnéticas;1143;https://www.aftgrupo.com/img_cats/1126.jpg
1140;MOBILIARIO Y COMPLEMENTOS JARDIN;0;
104;Sillas;1140;https://www.aftgrupo.com/img_cats/104.jpg
105;Mesas;1140;https://www.aftgrupo.com/img_cats/105.jpg
106;Tumbonas de jardín;1140;https://www.aftgrupo.com/img_cats/106.jpg
108;Hamacas Colgantes;1140;https://www.aftgrupo.com/img_cats/108.jpg
114;Bancos;1140;https://www.aftgrupo.com/img_cats/114.jpg
115;Balancines;1140;https://www.aftgrupo.com/img_cats/115.jpg
116;Sombrillas;1140;https://www.aftgrupo.com/img_cats/116.jpg
117;Bases Sombrillas;1140;https://www.aftgrupo.com/img_cats/117.jpg
118;Pergolas;1140;https://www.aftgrupo.com/img_cats/118.jpg
120;Duchas de jardín;1140;https://www.aftgrupo.com/img_cats/120.jpg
121;Celosias y vallas;1140;https://www.aftgrupo.com/img_cats/121.jpg
122;Casetas Perros;1140;https://www.aftgrupo.com/img_cats/122.jpg
124;Losetas Madera;1140;https://www.aftgrupo.com/img_cats/124.jpg
125;Jardineras / Macetas / Platos;1140;https://www.aftgrupo.com/img_cats/125.jpg
128;Fuentes y Grifos;1140;https://www.aftgrupo.com/img_cats/128.jpg
130;Barbacoas y Accesorios;1140;https://www.aftgrupo.com/img_cats/130.jpg
510;Exterminadores de insectos y plagas;1140;https://www.aftgrupo.com/img_cats/510.jpg
162;Mantenimiento muebles madera;1140;https://www.aftgrupo.com/img_cats/162.jpg
164;Baules;1140;https://www.aftgrupo.com/img_cats/164.jpg
167;Buzones de jardín;1140;https://www.aftgrupo.com/img_cats/167.jpg
172;Armarios y estantes;1140;https://www.aftgrupo.com/img_cats/172.jpg
360;Columpios y Juegos de verano;1140;https://www.aftgrupo.com/img_cats/360.jpg
688;Cojines para mobiliario jardín;1140;https://www.aftgrupo.com/img_cats/688.jpg
690;Fundas para muebles de jardin;1140;https://www.aftgrupo.com/img_cats/690.jpg
1100;Veletas;1140;https://www.aftgrupo.com/img_cats/1100.jpg
1115;Huertos urbanos;1140;https://www.aftgrupo.com/img_cats/1115.jpg
1141;PISCINA, PLAYA, CAMPING Y NIEVE;0;
509;Senderismo;1141;https://www.aftgrupo.com/img_cats/509.jpg
169;Flotadores;1141;https://www.aftgrupo.com/img_cats/169.jpg
1083;Piscinas infantiles e inflables;1141;https://www.aftgrupo.com/img_cats/1083.jpg
362;Buceo y natación;1141;https://www.aftgrupo.com/img_cats/362.jpg
500;Tiendas campaña y sacos de dormir;1141;https://www.aftgrupo.com/img_cats/500.jpg
501;Lámparas y hornillos;1141;https://www.aftgrupo.com/img_cats/501.jpg
503;Neveras;1141;https://www.aftgrupo.com/img_cats/503.jpg
504;Camas y colchones;1141;https://www.aftgrupo.com/img_cats/504.jpg
506;Parasoles;1141;https://www.aftgrupo.com/img_cats/506.jpg
507;Mesas / Sillas / Tumbonas;1141;https://www.aftgrupo.com/img_cats/507.jpg
944;Limpieza y mantenimiento de piscinas;1141;https://www.aftgrupo.com/img_cats/944.jpg
945;Dispensadores de cloro y termómetros;1141;https://www.aftgrupo.com/img_cats/945.jpg
946;Cobertores y tapices piscinas;1141;https://www.aftgrupo.com/img_cats/946.jpg
947;Hidrobombas y filtros piscinas;1141;https://www.aftgrupo.com/img_cats/947.jpg
948;Infladores;1141;https://www.aftgrupo.com/img_cats/948.jpg
949;Escaleras para piscinas;1141;https://www.aftgrupo.com/img_cats/949.jpg
950;Mangueras para piscinas;1141;https://www.aftgrupo.com/img_cats/950.jpg
951;Accesorios varios para piscinas;1141;https://www.aftgrupo.com/img_cats/951.jpg
952;Piscinas estructura metálica;1141;https://www.aftgrupo.com/img_cats/952.jpg
953;Piscinas Fast Set;1141;https://www.aftgrupo.com/img_cats/953.jpg
955;Spas y Piscinas Hidromasaje ;1141;https://www.aftgrupo.com/img_cats/955.jpg
1105;Barcas / Kayak / Tablas Paddle Surf;1141;https://www.aftgrupo.com/img_cats/1105.jpg
1160;Juegos para la nieve;1141;https://www.aftgrupo.com/img_cats/1160.jpg
